{
  "artifacts": {
    "chunk_eval_rankings": "outputs/chunk_ltr_5000/chunk_eval_rankings_best_ensemble",
    "validation_rankings": "outputs/chunk_ltr_5000/validation_rankings_best_ensemble"
  },
  "table3_delta": {
    "MAP@5": 0.11676722222222224,
    "MRR@5": 0.05256666666666676,
    "nDCG@5": 0.060975205335540794
  },
  "table3_target": {
    "MAP@5": 0.274,
    "MRR@5": 0.587,
    "nDCG@5": 0.371
  },
  "validation": {
    "MAP@5": 0.39076722222222227,
    "MRR@5": 0.6395666666666667,
    "nDCG@5": 0.4319752053355408,
    "queries": 500
  },
  "validation_duplicate_qids": 51,
  "validation_metric": "row_level_duplicate_safe",
  "weights": {
    "extra": 0.15,
    "rank_gain011": 0.85
  }
}
